{
    "Invprocs Display": {
        "x": 0.5078125,
        "y": 0.14444444444444443,
        "align": "CENTER",
        "background": false
    },
    "Helmet Display": {
        "x": 0.803125,
        "y": 0.9796296296296296,
        "align": "RIGHT",
        "background": false
    }
}